{"f1_score_binary": 0.736423489234627, 
"recall_score_binary": 0.47589927462311, 
"precision_score_weighted": 0.6743831474629857, 
"f1_score_micro": 0.7686428475839573, 
"precision_score_binary": 0.5737464338229632, 
"recall_score_weighted": 0.9212184873949579, 
"precision_score_micro": 0.7528437604550017, 
"precision_score_macro": 0.9182969859880026, 
"weighted_accuracy": 0.6653182355394883, 
"recall_score_micro": 0.733915659746835, 
"recall_score_macro": 0.9866523815408517, 
"f1_score_weighted": 0.8648448490561408, 
"accuracy": 0.8539435248296008, 
"balanced_accuracy": 0.7710533150774539, 
"f1_score_macro": 0.7933852787444369, 
"matthews_correlation": 0.5447224509413295}